-- --------------------------------------------------------- Users --------------------------------------------------------- --
INSERT INTO public.users (id, username, password, email, profile_completed, role, create_time, update_time) VALUES (9, 'admin1', '123456', 'admin1@example.com', true, 'MERCHANT', '2025-06-21 23:58:26', '2025-06-21 23:58:26');
INSERT INTO public.users (id, username, password, email, profile_completed, role, create_time, update_time) VALUES (15, 'client_alice', 'pwdAlice123', 'alice.client@example.com', true, 'CLIENT', '2025-06-27 15:32:01', '2025-06-27 15:32:01');
INSERT INTO public.users (id, username, password, email, profile_completed, role, create_time, update_time) VALUES (17, 'client_eve', 'pwdEve123', 'eve.client@example.com', true, 'CLIENT', '2025-06-27 15:32:01', '2025-06-27 15:32:01');
INSERT INTO public.users (id, username, password, email, profile_completed, role, create_time, update_time) VALUES (13, 'client_tom', 'pwdTom123', 'tom.client@example.com', true, 'CLIENT', '2025-06-27 15:32:01', '2025-06-27 15:32:01');
INSERT INTO public.users (id, username, password, email, profile_completed, role, create_time, update_time) VALUES (11, 'hamwalker', 'pwd2', 'info@hamiltonwalkers.com', true, 'MERCHANT', '2025-06-27 15:21:42', '2025-06-27 15:21:42');
INSERT INTO public.users (id, username, password, email, profile_completed, role, create_time, update_time) VALUES (14, 'client_jerry', 'pwdJerry123', 'jerry.client@example.com', true, 'CLIENT', '2025-06-27 15:32:01', '2025-06-27 15:32:01');
INSERT INTO public.users (id, username, password, email, profile_completed, role, create_time, update_time) VALUES (10, 'laoszechuan', 'pwd1', 'contact@laoszechuanusa.com', true, 'MERCHANT', '2025-06-27 15:21:42', '2025-06-27 15:21:42');
INSERT INTO public.users (id, username, password, email, profile_completed, role, create_time, update_time) VALUES (12, 'legendspub', 'pwd3', 'hello@legendsbarchampaign.com', true, 'MERCHANT', '2025-06-27 15:21:42', '2025-06-27 15:21:42');
INSERT INTO public.users (id, username, password, email, profile_completed, role, create_time, update_time) VALUES (16, 'client_bob', 'pwdBob123', 'bob.client@example.com', true, 'CLIENT', '2025-06-27 15:32:01', '2025-06-27 15:32:01');
INSERT INTO public.users (id, username, password, email, profile_completed, role, create_time, update_time) VALUES (19, 'rider_sam', 'pwdSam123', 'sam.rider@example.com', true, 'RIDER', '2025-06-27 15:37:02', '2025-06-27 15:37:02');
INSERT INTO public.users (id, username, password, email, profile_completed, role, create_time, update_time) VALUES (18, 'rider_mark', 'pwdMark123', 'mark.rider@example.com', true, 'RIDER', '2025-06-27 15:37:02', '2025-06-27 15:37:02');
INSERT INTO public.users (id, username, password, email, profile_completed, role, create_time, update_time) VALUES (20, 'rider_jane', 'pwdJane123', 'jane.rider@example.com', true, 'RIDER', '2025-06-27 15:37:02', '2025-06-27 15:37:02');
INSERT INTO public.users (id, username, password, email, profile_completed, role, create_time, update_time) VALUES (21, 'kuanwang199323', '', 'kuanwang199323@gmail.com', false, 'MERCHANT', '2025-06-28 08:12:51', '2025-06-28 08:12:51');
INSERT INTO public.users (id, username, password, email, profile_completed, role, create_time, update_time) VALUES (5, 'admin', '123456', 'admin@example.com', true, 'MERCHANT', '2025-06-14 22:13:43', '2025-06-30 00:36:43');
INSERT INTO public.users (id, username, password, email, profile_completed, role, create_time, update_time) VALUES (7, 'kuanwang930203', '', 'kuanwang930203@gmail.com', true, 'CLIENT', '2025-06-21 13:22:20', '2025-07-13 08:18:15');
INSERT INTO public.users (id, username, password, email, profile_completed, role, create_time, update_time) VALUES (8, 'adminr', '123456', 'adminr@example.com', true, 'RIDER', '2025-06-21 19:11:16', '2025-07-14 18:10:52');


-- --------------------------------------------------------- Clients --------------------------------------------------------- --
INSERT INTO public.clients (id, user_id, phone, gender, avatar) VALUES (3, 13, '217-555-1001', '0', '');
INSERT INTO public.clients (id, user_id, phone, gender, avatar) VALUES (5, 15, '217-555-1003', '0', '');
INSERT INTO public.clients (id, user_id, phone, gender, avatar) VALUES (6, 16, '217-555-1004', '1', '');
INSERT INTO public.clients (id, user_id, phone, gender, avatar) VALUES (7, 17, '217-555-1005', '0', '');
INSERT INTO public.clients (id, user_id, phone, gender, avatar) VALUES (4, 14, '217-555-1002', '1', '');
INSERT INTO public.clients (id, user_id, phone, gender, avatar) VALUES (2, 7, '4567890123', '1', 'Clients/7046150c-dd72-4a15-8ee9-f9619917e600_touxiang.jpg');

-- --------------------------------------------------------- Merchants --------------------------------------------------------- --
INSERT INTO public.merchants (id, user_id, phone, address, city, state, zipcode, country, x, y, merchant_name, merchant_description, merchant_image, merchant_type, merchant_social_media, merchant_opening_hours, merchant_status, location) VALUES (6, 9, '1237894560', '210 E Green St Ste102', 'Champaign', 'IL', '61820', 'US', -88.2359656, 40.110407, 'Shiquan Wonton', 'Food, soup and fried sticks', '', 'Chinese Food', 'Instagram@Shiquan,Facebook@Shiquan', '{"Fri": "9:00-22:00", "Mon": "9:00-22:00", "Sat": "closed", "Sun": "10:00-19:00", "Thu": "9:00-22:00", "Tue": "9:00-22:00", "Wed": "9:00-22:00"}', 0, '0101000020E6100000C9BE750F1A0F56C0EF1F0BD1210E4440');
INSERT INTO public.merchants (id, user_id, phone, address, city, state, zipcode, country, x, y, merchant_name, merchant_description, merchant_image, merchant_type, merchant_social_media, merchant_opening_hours, merchant_status, location) VALUES (9, 12, '217-355-7674', '522 E Green St', 'Champaign', 'IL', '61820', 'USA', -88.243385, 40.116421, 'Legend’s Bar & Grill', 'Campus-centric bar & grill featuring Illini 传统与自酿啤酒。', null, 'Bar & Grill', null, '{"Fri": "9:00-22:00", "Mon": "9:00-22:00", "Sat": "closed", "Sun": "10:00-19:00", "Thu": "9:00-22:00", "Tue": "9:00-22:00", "Wed": "9:00-22:00"}', 0, '0101000020E610000091D5AD9E930F56C0A8C821E2E60E4440');
INSERT INTO public.merchants (id, user_id, phone, address, city, state, zipcode, country, x, y, merchant_name, merchant_description, merchant_image, merchant_type, merchant_social_media, merchant_opening_hours, merchant_status, location) VALUES (8, 11, '217-350-0363', '201 N. Neil St', 'Champaign', 'IL', '61820', 'USA', -88.2369, 40.1167, 'Hamilton Walker’s', 'Contemporary American steakhouse with a 1940’s Hollywood vibe.', null, 'Steakhouse', null, '{"Fri": "9:00-22:00", "Mon": "9:00-22:00", "Sat": "closed", "Sun": "10:00-19:00", "Thu": "9:00-22:00", "Tue": "9:00-22:00", "Wed": "9:00-22:00"}', 0, '0101000020E6100000091B9E5E290F56C0BBB88D06F00E4440');
INSERT INTO public.merchants (id, user_id, phone, address, city, state, zipcode, country, x, y, merchant_name, merchant_description, merchant_image, merchant_type, merchant_social_media, merchant_opening_hours, merchant_status, location) VALUES (7, 10, '217-689-0031', '608 E University Ave Ste 105', 'Champaign', 'IL', '61820', 'USA', -88.230417, 40.112556, 'Lao Sze Chuan Chinese Restaurant', 'Authentic Szechuan Chinese cuisine.', null, 'Chinese', null, '{"Fri": "9:00-22:00", "Mon": "9:00-22:00", "Sat": "closed", "Sun": "10:00-19:00", "Thu": "9:00-22:00", "Tue": "9:00-22:00", "Wed": "9:00-22:00"}', 0, '0101000020E610000051DCF126BF0E56C0FA7B293C680E4440');
INSERT INTO public.merchants (id, user_id, phone, address, city, state, zipcode, country, x, y, merchant_name, merchant_description, merchant_image, merchant_type, merchant_social_media, merchant_opening_hours, merchant_status, location) VALUES (5, 5, '123456789', '625 E Green St', 'Champaign', 'IL', '61820', 'US', -88.22936349999999, 40.11012909999999, 'Teamoji', 'Serving premium milk tea, refreshing fruit tea, and handcrafted desserts—perfect for a delightful treat any time of day.', 'Merchants/ca7ee8ec-e8c2-4903-a3ce-e5a5fb9f1853_teamoji.PNG', 'Teabar', 'Instagram@Teamoji,Facebook@Teamoji,Tiktok@Teamoji', '{"Fri": "9:00-22:00", "Mon": "9:00-22:00", "Sat": "11:00-19:00", "Sun": "closed", "Thu": "9:00-22:00", "Tue": "9:00-22:00", "Wed": "9:00-22:00"}', 0, '0101000020E610000059D93EE4AD0E56C03F6BD9B5180E4440');

-- ----------------------------------------------------------- Riders ----------------------------------------------------------- --
INSERT INTO public.riders (id, user_id, phone, gender, avatar, rider_status) VALUES (2, 18, '217-555-2001', '0', '', 0);
INSERT INTO public.riders (id, user_id, phone, gender, avatar, rider_status) VALUES (4, 20, '217-555-2003', '0', '', 0);
INSERT INTO public.riders (id, user_id, phone, gender, avatar, rider_status) VALUES (3, 19, '217-555-2002', '1', '', 0);
INSERT INTO public.riders (id, user_id, phone, gender, avatar, rider_status) VALUES (1, 8, '1472580368', '1', 'Riders/ec654c5f-6b08-4fd7-a5e5-2c8ccbc925dc_avatar.jpg', 1);

-- ----------------------------------------------------------- Categories ----------------------------------------------------------- --
INSERT INTO public.categories (id, merchant_id, name, sort, status, create_time, update_time) VALUES (21, 5, '小吃', 3, 1, '2025-06-25 00:53:14', '2025-06-25 00:53:14');
INSERT INTO public.categories (id, merchant_id, name, sort, status, create_time, update_time) VALUES (28, 5, '甜点', 7, 1, '2025-06-27 10:00:00', '2025-06-27 10:00:00');
INSERT INTO public.categories (id, merchant_id, name, sort, status, create_time, update_time) VALUES (23, 5, '热菜', 1, 1, '2025-06-25 00:53:27', '2025-06-27 11:56:45');
INSERT INTO public.categories (id, merchant_id, name, sort, status, create_time, update_time) VALUES (22, 5, '凉菜', 2, 1, '2025-06-25 00:53:22', '2025-06-25 12:20:18');
INSERT INTO public.categories (id, merchant_id, name, sort, status, create_time, update_time) VALUES (29, 5, '西点', 8, 1, '2025-06-28 08:16:44', '2025-06-28 08:16:44');
INSERT INTO public.categories (id, merchant_id, name, sort, status, create_time, update_time) VALUES (30, 5, '油炸', 9, 1, '2025-06-28 08:20:18', '2025-06-28 08:20:18');
INSERT INTO public.categories (id, merchant_id, name, sort, status, create_time, update_time) VALUES (31, 5, '烤鱼', 10, 1, '2025-06-28 08:20:29', '2025-06-28 08:20:29');
INSERT INTO public.categories (id, merchant_id, name, sort, status, create_time, update_time) VALUES (25, 5, '主食', 4, 0, '2025-06-25 16:21:17', '2025-06-28 08:25:46');
INSERT INTO public.categories (id, merchant_id, name, sort, status, create_time, update_time) VALUES (27, 5, '饮料', 5, 0, '2025-06-25 16:26:25', '2025-06-28 08:25:46');
INSERT INTO public.categories (id, merchant_id, name, sort, status, create_time, update_time) VALUES (24, 5, '汤类', 6, 0, '2025-06-27 10:00:00', '2025-06-28 08:25:47');

-- ----------------------------------------------------------- Dishes ----------------------------------------------------------- --
INSERT INTO public.dishes (id, name, category_id, price, image, description, status, create_time, update_time) VALUES (111, '羊肉串', 21, 8.00, '', '孜然羊肉串，外焦里嫩', 1, '2025-06-27 11:01:00', '2025-06-27 11:01:00');
INSERT INTO public.dishes (id, name, category_id, price, image, description, status, create_time, update_time) VALUES (124, '蚝油生菜', 23, 10.00, '', '清爽生菜淋蚝油，鲜甜爽口', 1, '2025-06-27 12:00:00', '2025-06-27 12:00:00');
INSERT INTO public.dishes (id, name, category_id, price, image, description, status, create_time, update_time) VALUES (114, '回锅肉', 23, 14.00, '', '四川回锅肉，肥而不腻', 1, '2025-06-27 11:02:00', '2025-06-27 11:02:00');
INSERT INTO public.dishes (id, name, category_id, price, image, description, status, create_time, update_time) VALUES (109, '芒果冰沙', 27, 6.00, '', '新鲜芒果打制的冰沙，香甜冰爽', 1, '2025-06-27 11:00:00', '2025-06-27 11:00:00');
INSERT INTO public.dishes (id, name, category_id, price, image, description, status, create_time, update_time) VALUES (125, '辣子鸡丁', 23, 16.00, '', '香辣干锅鸡丁，麻辣开胃', 1, '2025-06-27 12:00:00', '2025-06-27 12:00:00');
INSERT INTO public.dishes (id, name, category_id, price, image, description, status, create_time, update_time) VALUES (5, '可口可乐', 27, 1.50, 'Dishes/9636c1f0-9d72-4d74-bf9e-cbb392e56033_Coke.jpg', '225ml 罐装', 1, '2025-06-25 16:26:44', '2025-06-30 15:08:27');
INSERT INTO public.dishes (id, name, category_id, price, image, description, status, create_time, update_time) VALUES (101, '酸辣汤', 24, 6.50, 'Dishes/3c0b8b43-c5fb-4f67-a079-937627738bc5_SuanLaTang.jpg', '四川风味酸辣汤，开胃提神', 1, '2025-06-27 10:01:00', '2025-06-30 15:32:51');
INSERT INTO public.dishes (id, name, category_id, price, image, description, status, create_time, update_time) VALUES (132, '酸菜鱼', 23, 19.00, '', '酸菜烹煮鲜鱼，酸香滋味', 1, '2025-06-27 12:00:00', '2025-06-27 12:00:00');
INSERT INTO public.dishes (id, name, category_id, price, image, description, status, create_time, update_time) VALUES (110, '春卷', 21, 5.00, '', '脆皮春卷，内馅丰富', 1, '2025-06-27 11:01:00', '2025-06-27 11:01:00');
INSERT INTO public.dishes (id, name, category_id, price, image, description, status, create_time, update_time) VALUES (123, '香菇滑鸡', 23, 14.00, '', '香菇滑嫩鸡块，鲜美多汁', 1, '2025-06-27 12:00:00', '2025-06-27 12:00:00');
INSERT INTO public.dishes (id, name, category_id, price, image, description, status, create_time, update_time) VALUES (116, '口水鸡', 22, 12.00, '', '麻辣口水鸡，香麻爽口', 1, '2025-06-27 11:03:00', '2025-06-27 11:03:00');
INSERT INTO public.dishes (id, name, category_id, price, image, description, status, create_time, update_time) VALUES (119, '米饭', 25, 2.00, '', '香软白米饭', 1, '2025-06-27 11:04:00', '2025-06-27 11:04:00');
INSERT INTO public.dishes (id, name, category_id, price, image, description, status, create_time, update_time) VALUES (112, '椒盐鸡翅', 21, 10.00, '', '椒盐风味鸡翅，香酥可口', 1, '2025-06-27 11:01:00', '2025-06-27 11:01:00');
INSERT INTO public.dishes (id, name, category_id, price, image, description, status, create_time, update_time) VALUES (107, '茉莉花茶', 27, 4.00, '', '清香茉莉花茶，回味悠长', 1, '2025-06-27 11:00:00', '2025-06-27 11:00:00');
INSERT INTO public.dishes (id, name, category_id, price, image, description, status, create_time, update_time) VALUES (103, '海鲜浓汤', 24, 12.00, '', '鲜虾、鱼片熬制的浓郁海鲜汤', 1, '2025-06-27 10:01:00', '2025-06-27 10:01:00');
INSERT INTO public.dishes (id, name, category_id, price, image, description, status, create_time, update_time) VALUES (122, '蒜蓉粉丝蒸扇贝', 23, 18.50, '', '蒜香粉丝搭配鲜嫩扇贝', 1, '2025-06-27 12:00:00', '2025-06-27 12:00:00');
INSERT INTO public.dishes (id, name, category_id, price, image, description, status, create_time, update_time) VALUES (115, '鱼香肉丝', 23, 13.50, '', '酸甜微辣鱼香肉丝', 1, '2025-06-27 11:02:00', '2025-06-27 11:02:00');
INSERT INTO public.dishes (id, name, category_id, price, image, description, status, create_time, update_time) VALUES (126, '麻婆豆腐', 23, 12.50, '', '经典麻婆豆腐，麻辣鲜香', 1, '2025-06-27 12:00:00', '2025-06-27 12:00:00');
INSERT INTO public.dishes (id, name, category_id, price, image, description, status, create_time, update_time) VALUES (127, '干煸四季豆', 23, 11.00, '', '干煸四季豆，辣香酥脆', 1, '2025-06-27 12:00:00', '2025-06-27 12:00:00');
INSERT INTO public.dishes (id, name, category_id, price, image, description, status, create_time, update_time) VALUES (120, '扬州炒饭', 25, 10.00, '', '扬州炒饭，配料丰富', 1, '2025-06-27 11:04:00', '2025-06-27 11:04:00');
INSERT INTO public.dishes (id, name, category_id, price, image, description, status, create_time, update_time) VALUES (130, '水煮牛肉', 23, 17.00, '', '麻辣水煮牛肉，鲜嫩入味', 1, '2025-06-27 12:00:00', '2025-06-27 12:00:00');
INSERT INTO public.dishes (id, name, category_id, price, image, description, status, create_time, update_time) VALUES (121, '鱼香茄子煲', 23, 13.00, '', '香辣鱼香茄子，浓郁下饭', 1, '2025-06-27 12:00:00', '2025-06-27 12:00:00');
INSERT INTO public.dishes (id, name, category_id, price, image, description, status, create_time, update_time) VALUES (108, '红茶', 27, 3.50, '', '经典红茶，醇厚甘甜', 1, '2025-06-27 11:00:00', '2025-06-27 11:00:00');
INSERT INTO public.dishes (id, name, category_id, price, image, description, status, create_time, update_time) VALUES (104, '抹茶千层蛋糕', 28, 8.00, '', '抹茶与奶油交织的千层蛋糕，层次丰富', 1, '2025-06-27 10:02:00', '2025-06-27 10:02:00');
INSERT INTO public.dishes (id, name, category_id, price, image, description, status, create_time, update_time) VALUES (113, '宫保鸡丁', 23, 15.00, '', '经典宫保鸡丁，微辣带花生香', 1, '2025-06-27 11:02:00', '2025-06-27 11:02:00');
INSERT INTO public.dishes (id, name, category_id, price, image, description, status, create_time, update_time) VALUES (117, '拍黄瓜', 22, 6.00, '', '爽口拍黄瓜，清新开胃', 1, '2025-06-27 11:03:00', '2025-06-27 11:03:00');
INSERT INTO public.dishes (id, name, category_id, price, image, description, status, create_time, update_time) VALUES (102, '紫菜蛋花汤', 24, 5.00, 'Dishes/503d6369-87bd-4a79-b6af-62edad8b2a84_ZiCaiDanHuaTang.jpg', '家常紫菜蛋花汤，清淡营养', 1, '2025-06-27 10:01:00', '2025-06-30 15:43:34');
INSERT INTO public.dishes (id, name, category_id, price, image, description, status, create_time, update_time) VALUES (118, '担担面', 25, 11.00, '', '香辣担担面，芝麻香浓', 1, '2025-06-27 11:04:00', '2025-06-27 11:04:00');
INSERT INTO public.dishes (id, name, category_id, price, image, description, status, create_time, update_time) VALUES (105, '芒果布丁', 28, 7.50, '', '鲜果芒果制成的丝滑布丁，清爽解腻', 1, '2025-06-27 10:02:00', '2025-06-27 10:02:00');
INSERT INTO public.dishes (id, name, category_id, price, image, description, status, create_time, update_time) VALUES (106, '红豆汤圆', 28, 6.00, '', '传统红豆馅汤圆，香甜可口', 1, '2025-06-27 10:02:00', '2025-06-27 10:02:00');
INSERT INTO public.dishes (id, name, category_id, price, image, description, status, create_time, update_time) VALUES (131, '青椒土豆丝', 23, 9.00, '', '家常青椒炒土豆丝，清爽脆嫩', 1, '2025-06-27 12:00:00', '2025-06-27 12:00:00');
INSERT INTO public.dishes (id, name, category_id, price, image, description, status, create_time, update_time) VALUES (129, '椒盐排骨', 23, 14.50, '', '椒盐风味脆皮排骨', 1, '2025-06-27 12:00:00', '2025-06-27 12:00:00');
INSERT INTO public.dishes (id, name, category_id, price, image, description, status, create_time, update_time) VALUES (133, '干锅花菜', 23, 13.50, '', '干锅花菜，微辣下饭', 1, '2025-06-27 12:00:00', '2025-06-27 12:00:00');
INSERT INTO public.dishes (id, name, category_id, price, image, description, status, create_time, update_time) VALUES (128, '糖醋里脊', 23, 15.00, '', '酸甜开胃糖醋里脊', 1, '2025-06-27 12:00:00', '2025-06-27 12:00:00');

-- ---------------------------------------------------- Client_addresses ---------------------------------------------------- --
INSERT INTO public.client_addresses (id, client_id, label, recipient, phone, address_line1, address_line2, city, state, zipcode, country, is_default, create_time, update_time) VALUES (11, 3, 'Home', 'Client3', '217-555-1002', '201 N Neil St', null, 'Champaign', 'IL', '61820', 'USA', true, '2025-06-27 15:44:06', '2025-06-27 15:44:06');
INSERT INTO public.client_addresses (id, client_id, label, recipient, phone, address_line1, address_line2, city, state, zipcode, country, is_default, create_time, update_time) VALUES (12, 4, 'Home', 'Client4', '217-555-1003', '309 Springfield Ave', null, 'Champaign', 'IL', '61820', 'USA', true, '2025-06-27 15:44:06', '2025-06-27 15:44:06');
INSERT INTO public.client_addresses (id, client_id, label, recipient, phone, address_line1, address_line2, city, state, zipcode, country, is_default, create_time, update_time) VALUES (13, 4, 'Gym', 'Client4', '217-555-1003', '2050 S 1st St', null, 'Champaign', 'IL', '61821', 'USA', false, '2025-06-27 15:44:06', '2025-06-27 15:44:06');
INSERT INTO public.client_addresses (id, client_id, label, recipient, phone, address_line1, address_line2, city, state, zipcode, country, is_default, create_time, update_time) VALUES (14, 5, 'Dorm', 'Client5', '217-555-1004', '104 W University Ave', 'Rm 210', 'Champaign', 'IL', '61820', 'USA', true, '2025-06-27 15:44:06', '2025-06-27 15:44:06');
INSERT INTO public.client_addresses (id, client_id, label, recipient, phone, address_line1, address_line2, city, state, zipcode, country, is_default, create_time, update_time) VALUES (15, 6, 'Home', 'Client6', '217-555-1005', '504 E Green St', null, 'Champaign', 'IL', '61820', 'USA', true, '2025-06-27 15:44:06', '2025-06-27 15:44:06');
INSERT INTO public.client_addresses (id, client_id, label, recipient, phone, address_line1, address_line2, city, state, zipcode, country, is_default, create_time, update_time) VALUES (16, 6, 'Cafe', 'Client6', '217-555-1005', '602 E John St', null, 'Champaign', 'IL', '61820', 'USA', false, '2025-06-27 15:44:06', '2025-06-27 15:44:06');
INSERT INTO public.client_addresses (id, client_id, label, recipient, phone, address_line1, address_line2, city, state, zipcode, country, is_default, create_time, update_time) VALUES (17, 7, 'Home', 'Client7', '217-555-1006', '506 S Wright St', 'Suite 200', 'Champaign', 'IL', '61820', 'USA', true, '2025-06-27 15:44:06', '2025-06-27 15:44:06');
INSERT INTO public.client_addresses (id, client_id, label, recipient, phone, address_line1, address_line2, city, state, zipcode, country, is_default, create_time, update_time) VALUES (10, 2, 'Office', 'Client2', '217-555-1001', '601 S Wright St', 'Suite 300', 'Champaign', 'IL', '61820', 'USA', false, '2025-06-27 15:44:06', '2025-07-05 23:35:52');
INSERT INTO public.client_addresses (id, client_id, label, recipient, phone, address_line1, address_line2, city, state, zipcode, country, is_default, create_time, update_time) VALUES (9, 2, 'Home', 'Client2', '217-555-1001', '505 E John St', '', 'Champaign', 'IL', '61820', 'USA', true, '2025-06-27 15:44:06', '2025-07-05 23:49:10');

-- ---------------------------------------------------- Orders ---------------------------------------------------- --
INSERT INTO public.orders (id, client_id, merchant_id, status, total_amount, delivery_fee, payment_method, paid_at, pay_status, address_id, create_time, update_time, estimate_delivery_time, remark, payment_intent_id) VALUES (4, 4, 5, 7, 23.00, 3.00, 'Credit Card', '2025-06-27 14:13:00', 2, 12, '2025-06-27 14:12:00', '2025-07-07 06:40:35', '2025-06-27 14:43:00', 'Please hurry', null);
INSERT INTO public.orders (id, client_id, merchant_id, status, total_amount, delivery_fee, payment_method, paid_at, pay_status, address_id, create_time, update_time, estimate_delivery_time, remark, payment_intent_id) VALUES (23, 2, 5, 7, 42.50, 3.00, 'card', '2025-07-10 15:55:11', 2, 9, '2025-07-10 15:55:12', '2025-07-10 15:55:26', '2025-07-10 16:25:12', '', null);
INSERT INTO public.orders (id, client_id, merchant_id, status, total_amount, delivery_fee, payment_method, paid_at, pay_status, address_id, create_time, update_time, estimate_delivery_time, remark, payment_intent_id) VALUES (25, 2, 5, 7, 26.00, 3.00, 'card', '2025-07-10 15:59:56', 2, 10, '2025-07-10 15:59:56', '2025-07-10 16:03:18', '2025-07-10 16:29:56', '', null);
INSERT INTO public.orders (id, client_id, merchant_id, status, total_amount, delivery_fee, payment_method, paid_at, pay_status, address_id, create_time, update_time, estimate_delivery_time, remark, payment_intent_id) VALUES (28, 2, 5, 7, 49.00, 3.00, 'card', '2025-07-10 16:07:32', 2, 9, '2025-07-10 16:07:33', '2025-07-10 16:07:50', '2025-07-10 16:37:33', '', null);
INSERT INTO public.orders (id, client_id, merchant_id, status, total_amount, delivery_fee, payment_method, paid_at, pay_status, address_id, create_time, update_time, estimate_delivery_time, remark, payment_intent_id) VALUES (16, 2, 5, 7, 1.50, 3.00, 'card', '2025-07-10 14:22:47', 2, 9, '2025-07-10 10:39:10', '2025-07-10 14:26:06', '2025-07-10 11:09:10', '', null);
INSERT INTO public.orders (id, client_id, merchant_id, status, total_amount, delivery_fee, payment_method, paid_at, pay_status, address_id, create_time, update_time, estimate_delivery_time, remark, payment_intent_id) VALUES (17, 2, 5, 7, 10.00, 3.00, 'card', '2025-07-10 14:54:28', 2, 9, '2025-07-10 14:54:29', '2025-07-10 14:59:54', '2025-07-10 15:24:29', '', null);
INSERT INTO public.orders (id, client_id, merchant_id, status, total_amount, delivery_fee, payment_method, paid_at, pay_status, address_id, create_time, update_time, estimate_delivery_time, remark, payment_intent_id) VALUES (19, 2, 5, 7, 40.00, 3.00, 'card', '2025-07-10 15:18:45', 2, 9, '2025-07-10 15:18:45', '2025-07-10 15:26:20', '2025-07-10 15:48:45', '', null);
INSERT INTO public.orders (id, client_id, merchant_id, status, total_amount, delivery_fee, payment_method, paid_at, pay_status, address_id, create_time, update_time, estimate_delivery_time, remark, payment_intent_id) VALUES (18, 2, 5, 7, 43.00, 3.00, 'card', '2025-07-10 15:00:21', 2, 9, '2025-07-10 15:00:21', '2025-07-10 15:01:31', '2025-07-10 15:30:21', '两幅餐具', null);
INSERT INTO public.orders (id, client_id, merchant_id, status, total_amount, delivery_fee, payment_method, paid_at, pay_status, address_id, create_time, update_time, estimate_delivery_time, remark, payment_intent_id) VALUES (5, 6, 5, 7, 20.00, 3.00, 'WeChat Pay', '2025-06-27 14:13:00', 2, 15, '2025-06-27 14:12:00', '2025-07-07 06:40:35', '2025-06-27 14:43:00', 'Leave at reception', null);
INSERT INTO public.orders (id, client_id, merchant_id, status, total_amount, delivery_fee, payment_method, paid_at, pay_status, address_id, create_time, update_time, estimate_delivery_time, remark, payment_intent_id) VALUES (26, 2, 5, 7, 75.00, 3.00, 'card', '2025-07-10 16:03:59', 2, 9, '2025-07-10 16:04:00', '2025-07-10 16:07:54', '2025-07-10 16:34:00', '', null);
INSERT INTO public.orders (id, client_id, merchant_id, status, total_amount, delivery_fee, payment_method, paid_at, pay_status, address_id, create_time, update_time, estimate_delivery_time, remark, payment_intent_id) VALUES (13, 2, 5, 7, 62.00, 3.00, 'ApplePay', '2025-07-08 12:58:08', 2, 9, '2025-07-08 12:57:41', '2025-07-09 21:46:15', '2025-07-08 13:27:41', '', null);
INSERT INTO public.orders (id, client_id, merchant_id, status, total_amount, delivery_fee, payment_method, paid_at, pay_status, address_id, create_time, update_time, estimate_delivery_time, remark, payment_intent_id) VALUES (7, 2, 5, 6, 26.00, 3.00, 'WeChat Pay', '2025-06-26 14:00:00', 1, 9, '2025-06-26 13:58:00', '2025-06-26 13:58:00', '2025-06-26 14:30:00', '两套餐具', null);
INSERT INTO public.orders (id, client_id, merchant_id, status, total_amount, delivery_fee, payment_method, paid_at, pay_status, address_id, create_time, update_time, estimate_delivery_time, remark, payment_intent_id) VALUES (8, 3, 5, 6, 23.00, 2.50, 'Alipay', '2025-06-26 15:00:00', 1, 11, '2025-06-26 14:58:00', '2025-06-26 14:58:00', '2025-06-26 15:30:00', 'Door code 4321', null);
INSERT INTO public.orders (id, client_id, merchant_id, status, total_amount, delivery_fee, payment_method, paid_at, pay_status, address_id, create_time, update_time, estimate_delivery_time, remark, payment_intent_id) VALUES (9, 4, 5, 6, 34.50, 3.00, 'Credit Card', '2025-06-27 10:00:00', 1, 12, '2025-06-27 09:59:00', '2025-06-27 09:59:00', '2025-06-27 10:30:00', 'Please knock twice', null);
INSERT INTO public.orders (id, client_id, merchant_id, status, total_amount, delivery_fee, payment_method, paid_at, pay_status, address_id, create_time, update_time, estimate_delivery_time, remark, payment_intent_id) VALUES (24, 2, 5, 7, 49.00, 3.00, 'card', '2025-07-10 15:59:07', 2, 9, '2025-07-10 15:59:07', '2025-07-10 16:03:22', '2025-07-10 16:29:07', '', null);
INSERT INTO public.orders (id, client_id, merchant_id, status, total_amount, delivery_fee, payment_method, paid_at, pay_status, address_id, create_time, update_time, estimate_delivery_time, remark, payment_intent_id) VALUES (6, 7, 5, 7, 23.50, 3.00, 'PayPal', '2025-06-27 13:45:00', 2, 17, '2025-06-27 13:44:00', '2025-06-27 13:44:00', '2025-06-27 14:15:00', 'Call on arrival', null);
INSERT INTO public.orders (id, client_id, merchant_id, status, total_amount, delivery_fee, payment_method, paid_at, pay_status, address_id, create_time, update_time, estimate_delivery_time, remark, payment_intent_id) VALUES (22, 2, 5, 7, 44.00, 3.00, 'card', '2025-07-10 15:40:41', 2, 9, '2025-07-10 15:40:42', '2025-07-10 15:54:05', '2025-07-10 16:10:42', '', null);
INSERT INTO public.orders (id, client_id, merchant_id, status, total_amount, delivery_fee, payment_method, paid_at, pay_status, address_id, create_time, update_time, estimate_delivery_time, remark, payment_intent_id) VALUES (21, 2, 5, 7, 42.50, 3.00, 'card', '2025-07-10 15:30:53', 2, 9, '2025-07-10 15:30:54', '2025-07-10 15:40:09', '2025-07-10 16:00:54', '', null);
INSERT INTO public.orders (id, client_id, merchant_id, status, total_amount, delivery_fee, payment_method, paid_at, pay_status, address_id, create_time, update_time, estimate_delivery_time, remark, payment_intent_id) VALUES (20, 2, 5, 7, 49.00, 3.00, 'card', '2025-07-10 15:26:31', 2, 9, '2025-07-10 15:26:31', '2025-07-10 15:30:43', '2025-07-10 15:56:31', '', null);
INSERT INTO public.orders (id, client_id, merchant_id, status, total_amount, delivery_fee, payment_method, paid_at, pay_status, address_id, create_time, update_time, estimate_delivery_time, remark, payment_intent_id) VALUES (31, 2, 5, 7, 40.50, 3.00, 'card', '2025-07-10 21:42:46', 2, 9, '2025-07-10 21:42:46', '2025-07-10 21:43:53', '2025-07-10 22:12:46', '', 'pi_3RjWvCKbrVIE4Eur0WFZGln7');
INSERT INTO public.orders (id, client_id, merchant_id, status, total_amount, delivery_fee, payment_method, paid_at, pay_status, address_id, create_time, update_time, estimate_delivery_time, remark, payment_intent_id) VALUES (30, 2, 5, 7, 60.00, 3.00, 'card', '2025-07-10 16:12:10', 2, 9, '2025-07-10 16:12:10', '2025-07-10 21:47:49', '2025-07-10 16:42:10', '', null);
INSERT INTO public.orders (id, client_id, merchant_id, status, total_amount, delivery_fee, payment_method, paid_at, pay_status, address_id, create_time, update_time, estimate_delivery_time, remark, payment_intent_id) VALUES (3, 3, 5, 7, 18.00, 3.00, 'Alipay', '2025-06-27 14:13:00', 2, 11, '2025-06-27 14:12:00', '2025-06-27 17:36:13', '2025-06-27 14:43:00', 'Ring bell twice', null);
INSERT INTO public.orders (id, client_id, merchant_id, status, total_amount, delivery_fee, payment_method, paid_at, pay_status, address_id, create_time, update_time, estimate_delivery_time, remark, payment_intent_id) VALUES (12, 2, 5, 7, 76.00, 3.00, null, null, 0, 9, '2025-07-07 22:48:16', '2025-07-08 12:50:09', '2025-07-07 23:18:16', '', null);
INSERT INTO public.orders (id, client_id, merchant_id, status, total_amount, delivery_fee, payment_method, paid_at, pay_status, address_id, create_time, update_time, estimate_delivery_time, remark, payment_intent_id) VALUES (2, 2, 5, 7, 27.00, 3.00, 'WeChat Pay', '2025-06-27 14:13:00', 2, 9, '2025-06-27 14:12:00', '2025-06-27 15:23:26', '2025-06-27 14:43:00', 'Leave at door', null);
INSERT INTO public.orders (id, client_id, merchant_id, status, total_amount, delivery_fee, payment_method, paid_at, pay_status, address_id, create_time, update_time, estimate_delivery_time, remark, payment_intent_id) VALUES (27, 2, 5, 7, 40.00, 3.00, 'card', '2025-07-10 16:05:16', 2, 9, '2025-07-10 16:05:16', '2025-07-10 16:07:51', '2025-07-10 16:35:16', '', null);
INSERT INTO public.orders (id, client_id, merchant_id, status, total_amount, delivery_fee, payment_method, paid_at, pay_status, address_id, create_time, update_time, estimate_delivery_time, remark, payment_intent_id) VALUES (14, 2, 5, 7, 30.00, 3.00, null, null, 0, 9, '2025-07-08 13:17:44', '2025-07-08 13:18:00', '2025-07-08 13:47:44', '', null);
INSERT INTO public.orders (id, client_id, merchant_id, status, total_amount, delivery_fee, payment_method, paid_at, pay_status, address_id, create_time, update_time, estimate_delivery_time, remark, payment_intent_id) VALUES (32, 2, 5, 7, 49.00, 3.00, 'card', '2025-07-10 21:51:04', 2, 9, '2025-07-10 21:51:04', '2025-07-10 21:52:55', '2025-07-10 22:21:04', '', 'pi_3RjX3EKbrVIE4Eur0gFvIR5L');
INSERT INTO public.orders (id, client_id, merchant_id, status, total_amount, delivery_fee, payment_method, paid_at, pay_status, address_id, create_time, update_time, estimate_delivery_time, remark, payment_intent_id) VALUES (15, 2, 5, 7, 30.00, 3.00, null, null, 0, 9, '2025-07-08 13:26:03', '2025-07-08 13:26:25', '2025-07-08 13:56:03', '', null);
INSERT INTO public.orders (id, client_id, merchant_id, status, total_amount, delivery_fee, payment_method, paid_at, pay_status, address_id, create_time, update_time, estimate_delivery_time, remark, payment_intent_id) VALUES (33, 2, 5, 7, 35.50, 3.00, 'card', '2025-07-10 21:59:51', 2, 9, '2025-07-10 21:59:50', '2025-07-10 22:00:19', '2025-07-10 22:29:50', '', 'pi_3RjXBjKbrVIE4Eur1ZBmOVA4');
INSERT INTO public.orders (id, client_id, merchant_id, status, total_amount, delivery_fee, payment_method, paid_at, pay_status, address_id, create_time, update_time, estimate_delivery_time, remark, payment_intent_id) VALUES (34, 2, 5, 7, 53.50, 3.00, null, null, 0, 9, '2025-07-13 08:20:00', '2025-07-13 08:21:43', '2025-07-13 08:50:00', '两幅餐具', null);
INSERT INTO public.orders (id, client_id, merchant_id, status, total_amount, delivery_fee, payment_method, paid_at, pay_status, address_id, create_time, update_time, estimate_delivery_time, remark, payment_intent_id) VALUES (36, 2, 5, 7, 24.00, 3.00, 'card', '2025-07-13 08:48:24', 1, 9, '2025-07-13 08:48:24', '2025-07-19 08:27:06', '2025-07-13 09:18:24', '', 'pi_3RkQGSKbrVIE4Eur1cHGtpSc');
INSERT INTO public.orders (id, client_id, merchant_id, status, total_amount, delivery_fee, payment_method, paid_at, pay_status, address_id, create_time, update_time, estimate_delivery_time, remark, payment_intent_id) VALUES (37, 2, 5, 7, 24.00, 3.00, 'card', '2025-07-13 08:58:16', 1, 9, '2025-07-13 08:58:16', '2025-07-19 08:27:06', '2025-07-13 09:28:16', '', 'pi_3RkQQ0KbrVIE4Eur12ekNAY1');
INSERT INTO public.orders (id, client_id, merchant_id, status, total_amount, delivery_fee, payment_method, paid_at, pay_status, address_id, create_time, update_time, estimate_delivery_time, remark, payment_intent_id) VALUES (29, 2, 5, 7, 54.00, 3.00, null, null, 0, 9, '2025-07-10 16:11:37', '2025-07-10 16:11:47', '2025-07-10 16:41:37', '', null);
INSERT INTO public.orders (id, client_id, merchant_id, status, total_amount, delivery_fee, payment_method, paid_at, pay_status, address_id, create_time, update_time, estimate_delivery_time, remark, payment_intent_id) VALUES (38, 2, 5, 6, 24.00, 3.00, 'card', '2025-07-19 08:50:18', 1, 9, '2025-07-19 08:50:17', '2025-07-19 08:52:26', '2025-07-19 09:20:17', '', 'pi_3Rmb9aKbrVIE4Eur1YTBuUjd');
INSERT INTO public.orders (id, client_id, merchant_id, status, total_amount, delivery_fee, payment_method, paid_at, pay_status, address_id, create_time, update_time, estimate_delivery_time, remark, payment_intent_id) VALUES (35, 2, 5, 4, 40.00, 3.00, 'card', '2025-07-13 08:24:27', 1, 9, '2025-07-13 08:24:27', '2025-07-20 22:09:29', '2025-07-13 08:54:27', '', 'pi_3RkPtHKbrVIE4Eur1uJFaw7M');

-- ------------------------------------------------- Order_items ------------------------------------------------- --
INSERT INTO public.order_items (id, order_id, dish_id, dish_name, unit_price, quantity, subtotal, remark, create_time) VALUES (1, 2, 107, '茉莉花茶', 4.00, 1, 4.00, null, '2025-06-27 16:06:15');
INSERT INTO public.order_items (id, order_id, dish_id, dish_name, unit_price, quantity, subtotal, remark, create_time) VALUES (2, 2, 110, '春卷', 5.00, 2, 10.00, 'Extra crispy', '2025-06-27 16:06:15');
INSERT INTO public.order_items (id, order_id, dish_id, dish_name, unit_price, quantity, subtotal, remark, create_time) VALUES (3, 2, 121, '鱼香茄子煲', 13.00, 1, 13.00, null, '2025-06-27 16:06:15');
INSERT INTO public.order_items (id, order_id, dish_id, dish_name, unit_price, quantity, subtotal, remark, create_time) VALUES (4, 3, 108, '红茶', 3.50, 2, 7.00, null, '2025-06-27 16:07:49');
INSERT INTO public.order_items (id, order_id, dish_id, dish_name, unit_price, quantity, subtotal, remark, create_time) VALUES (5, 3, 110, '春卷', 5.00, 1, 5.00, null, '2025-06-27 16:07:49');
INSERT INTO public.order_items (id, order_id, dish_id, dish_name, unit_price, quantity, subtotal, remark, create_time) VALUES (6, 3, 109, '芒果冰沙', 6.00, 1, 6.00, null, '2025-06-27 16:07:49');
INSERT INTO public.order_items (id, order_id, dish_id, dish_name, unit_price, quantity, subtotal, remark, create_time) VALUES (7, 4, 118, '担担面', 11.00, 1, 11.00, 'Extra chili', '2025-06-27 16:08:46');
INSERT INTO public.order_items (id, order_id, dish_id, dish_name, unit_price, quantity, subtotal, remark, create_time) VALUES (8, 4, 117, '拍黄瓜', 6.00, 2, 12.00, null, '2025-06-27 16:08:46');
INSERT INTO public.order_items (id, order_id, dish_id, dish_name, unit_price, quantity, subtotal, remark, create_time) VALUES (9, 5, 104, '抹茶千层蛋糕', 8.00, 1, 8.00, null, '2025-06-27 16:09:44');
INSERT INTO public.order_items (id, order_id, dish_id, dish_name, unit_price, quantity, subtotal, remark, create_time) VALUES (10, 5, 109, '芒果冰沙', 6.00, 2, 12.00, null, '2025-06-27 16:09:44');
INSERT INTO public.order_items (id, order_id, dish_id, dish_name, unit_price, quantity, subtotal, remark, create_time) VALUES (11, 6, 125, '辣子鸡丁', 16.00, 1, 16.00, null, '2025-06-27 16:10:14');
INSERT INTO public.order_items (id, order_id, dish_id, dish_name, unit_price, quantity, subtotal, remark, create_time) VALUES (12, 6, 105, '芒果布丁', 7.50, 1, 7.50, 'Less sugar', '2025-06-27 16:10:14');
INSERT INTO public.order_items (id, order_id, dish_id, dish_name, unit_price, quantity, subtotal, remark, create_time) VALUES (13, 7, 107, '茉莉花茶', 4.00, 1, 4.00, null, '2025-06-27 16:32:26');
INSERT INTO public.order_items (id, order_id, dish_id, dish_name, unit_price, quantity, subtotal, remark, create_time) VALUES (14, 7, 110, '春卷', 5.00, 2, 10.00, null, '2025-06-27 16:32:26');
INSERT INTO public.order_items (id, order_id, dish_id, dish_name, unit_price, quantity, subtotal, remark, create_time) VALUES (15, 7, 116, '口水鸡', 12.00, 1, 12.00, null, '2025-06-27 16:32:26');
INSERT INTO public.order_items (id, order_id, dish_id, dish_name, unit_price, quantity, subtotal, remark, create_time) VALUES (16, 8, 121, '鱼香茄子煲', 13.00, 1, 13.00, null, '2025-06-27 16:39:06');
INSERT INTO public.order_items (id, order_id, dish_id, dish_name, unit_price, quantity, subtotal, remark, create_time) VALUES (17, 8, 124, '蚝油生菜', 10.00, 1, 10.00, null, '2025-06-27 16:39:06');
INSERT INTO public.order_items (id, order_id, dish_id, dish_name, unit_price, quantity, subtotal, remark, create_time) VALUES (18, 9, 125, '辣子鸡丁', 16.00, 1, 16.00, null, '2025-06-27 16:41:38');
INSERT INTO public.order_items (id, order_id, dish_id, dish_name, unit_price, quantity, subtotal, remark, create_time) VALUES (19, 9, 122, '蒜蓉粉丝蒸扇贝', 18.50, 1, 18.50, null, '2025-06-27 16:41:38');
INSERT INTO public.order_items (id, order_id, dish_id, dish_name, unit_price, quantity, subtotal, remark, create_time) VALUES (26, 12, 124, '蚝油生菜', 10.00, 1, 10.00, '', '2025-07-07 22:48:16');
INSERT INTO public.order_items (id, order_id, dish_id, dish_name, unit_price, quantity, subtotal, remark, create_time) VALUES (27, 12, 5, '可口可乐', 1.50, 2, 3.00, '', '2025-07-07 22:48:16');
INSERT INTO public.order_items (id, order_id, dish_id, dish_name, unit_price, quantity, subtotal, remark, create_time) VALUES (28, 12, 114, '回锅肉', 14.00, 1, 14.00, '', '2025-07-07 22:48:16');
INSERT INTO public.order_items (id, order_id, dish_id, dish_name, unit_price, quantity, subtotal, remark, create_time) VALUES (29, 12, 125, '辣子鸡丁', 16.00, 1, 16.00, '', '2025-07-07 22:48:16');
INSERT INTO public.order_items (id, order_id, dish_id, dish_name, unit_price, quantity, subtotal, remark, create_time) VALUES (30, 12, 132, '酸菜鱼', 19.00, 1, 19.00, '', '2025-07-07 22:48:16');
INSERT INTO public.order_items (id, order_id, dish_id, dish_name, unit_price, quantity, subtotal, remark, create_time) VALUES (31, 12, 123, '香菇滑鸡', 14.00, 1, 14.00, '', '2025-07-07 22:48:16');
INSERT INTO public.order_items (id, order_id, dish_id, dish_name, unit_price, quantity, subtotal, remark, create_time) VALUES (32, 13, 124, '蚝油生菜', 10.00, 1, 10.00, '', '2025-07-08 12:57:41');
INSERT INTO public.order_items (id, order_id, dish_id, dish_name, unit_price, quantity, subtotal, remark, create_time) VALUES (33, 13, 5, '可口可乐', 1.50, 2, 3.00, '', '2025-07-08 12:57:41');
INSERT INTO public.order_items (id, order_id, dish_id, dish_name, unit_price, quantity, subtotal, remark, create_time) VALUES (34, 13, 114, '回锅肉', 14.00, 1, 14.00, '', '2025-07-08 12:57:41');
INSERT INTO public.order_items (id, order_id, dish_id, dish_name, unit_price, quantity, subtotal, remark, create_time) VALUES (35, 13, 125, '辣子鸡丁', 16.00, 1, 16.00, '', '2025-07-08 12:57:41');
INSERT INTO public.order_items (id, order_id, dish_id, dish_name, unit_price, quantity, subtotal, remark, create_time) VALUES (36, 13, 132, '酸菜鱼', 19.00, 1, 19.00, '', '2025-07-08 12:57:41');
INSERT INTO public.order_items (id, order_id, dish_id, dish_name, unit_price, quantity, subtotal, remark, create_time) VALUES (37, 14, 125, '辣子鸡丁', 16.00, 1, 16.00, '', '2025-07-08 13:17:44');
INSERT INTO public.order_items (id, order_id, dish_id, dish_name, unit_price, quantity, subtotal, remark, create_time) VALUES (38, 14, 114, '回锅肉', 14.00, 1, 14.00, '', '2025-07-08 13:17:44');
INSERT INTO public.order_items (id, order_id, dish_id, dish_name, unit_price, quantity, subtotal, remark, create_time) VALUES (39, 15, 125, '辣子鸡丁', 16.00, 1, 16.00, '', '2025-07-08 13:26:03');
INSERT INTO public.order_items (id, order_id, dish_id, dish_name, unit_price, quantity, subtotal, remark, create_time) VALUES (40, 15, 114, '回锅肉', 14.00, 1, 14.00, '', '2025-07-08 13:26:03');
INSERT INTO public.order_items (id, order_id, dish_id, dish_name, unit_price, quantity, subtotal, remark, create_time) VALUES (41, 16, 5, '可口可乐', 1.50, 1, 1.50, '', '2025-07-10 10:39:10');
INSERT INTO public.order_items (id, order_id, dish_id, dish_name, unit_price, quantity, subtotal, remark, create_time) VALUES (42, 17, 124, '蚝油生菜', 10.00, 1, 10.00, '', '2025-07-10 14:54:29');
INSERT INTO public.order_items (id, order_id, dish_id, dish_name, unit_price, quantity, subtotal, remark, create_time) VALUES (43, 18, 125, '辣子鸡丁', 16.00, 1, 16.00, '', '2025-07-10 15:00:21');
INSERT INTO public.order_items (id, order_id, dish_id, dish_name, unit_price, quantity, subtotal, remark, create_time) VALUES (44, 18, 124, '蚝油生菜', 10.00, 1, 10.00, '', '2025-07-10 15:00:21');
INSERT INTO public.order_items (id, order_id, dish_id, dish_name, unit_price, quantity, subtotal, remark, create_time) VALUES (45, 18, 114, '回锅肉', 14.00, 1, 14.00, '', '2025-07-10 15:00:21');
INSERT INTO public.order_items (id, order_id, dish_id, dish_name, unit_price, quantity, subtotal, remark, create_time) VALUES (46, 18, 5, '可口可乐', 1.50, 2, 3.00, '', '2025-07-10 15:00:22');
INSERT INTO public.order_items (id, order_id, dish_id, dish_name, unit_price, quantity, subtotal, remark, create_time) VALUES (47, 19, 124, '蚝油生菜', 10.00, 1, 10.00, '', '2025-07-10 15:18:45');
INSERT INTO public.order_items (id, order_id, dish_id, dish_name, unit_price, quantity, subtotal, remark, create_time) VALUES (48, 19, 114, '回锅肉', 14.00, 1, 14.00, '', '2025-07-10 15:18:45');
INSERT INTO public.order_items (id, order_id, dish_id, dish_name, unit_price, quantity, subtotal, remark, create_time) VALUES (49, 19, 125, '辣子鸡丁', 16.00, 1, 16.00, '', '2025-07-10 15:18:45');
INSERT INTO public.order_items (id, order_id, dish_id, dish_name, unit_price, quantity, subtotal, remark, create_time) VALUES (50, 20, 114, '回锅肉', 14.00, 1, 14.00, '', '2025-07-10 15:26:31');
INSERT INTO public.order_items (id, order_id, dish_id, dish_name, unit_price, quantity, subtotal, remark, create_time) VALUES (51, 20, 125, '辣子鸡丁', 16.00, 1, 16.00, '', '2025-07-10 15:26:31');
INSERT INTO public.order_items (id, order_id, dish_id, dish_name, unit_price, quantity, subtotal, remark, create_time) VALUES (52, 20, 132, '酸菜鱼', 19.00, 1, 19.00, '', '2025-07-10 15:26:31');
INSERT INTO public.order_items (id, order_id, dish_id, dish_name, unit_price, quantity, subtotal, remark, create_time) VALUES (53, 21, 114, '回锅肉', 14.00, 1, 14.00, '', '2025-07-10 15:30:54');
INSERT INTO public.order_items (id, order_id, dish_id, dish_name, unit_price, quantity, subtotal, remark, create_time) VALUES (54, 21, 125, '辣子鸡丁', 16.00, 1, 16.00, '', '2025-07-10 15:30:54');
INSERT INTO public.order_items (id, order_id, dish_id, dish_name, unit_price, quantity, subtotal, remark, create_time) VALUES (55, 21, 126, '麻婆豆腐', 12.50, 1, 12.50, '', '2025-07-10 15:30:54');
INSERT INTO public.order_items (id, order_id, dish_id, dish_name, unit_price, quantity, subtotal, remark, create_time) VALUES (56, 22, 125, '辣子鸡丁', 16.00, 1, 16.00, '', '2025-07-10 15:40:42');
INSERT INTO public.order_items (id, order_id, dish_id, dish_name, unit_price, quantity, subtotal, remark, create_time) VALUES (57, 22, 115, '鱼香肉丝', 13.50, 1, 13.50, '', '2025-07-10 15:40:42');
INSERT INTO public.order_items (id, order_id, dish_id, dish_name, unit_price, quantity, subtotal, remark, create_time) VALUES (58, 22, 129, '椒盐排骨', 14.50, 1, 14.50, '', '2025-07-10 15:40:42');
INSERT INTO public.order_items (id, order_id, dish_id, dish_name, unit_price, quantity, subtotal, remark, create_time) VALUES (59, 23, 125, '辣子鸡丁', 16.00, 1, 16.00, '', '2025-07-10 15:55:12');
INSERT INTO public.order_items (id, order_id, dish_id, dish_name, unit_price, quantity, subtotal, remark, create_time) VALUES (60, 23, 115, '鱼香肉丝', 13.50, 1, 13.50, '', '2025-07-10 15:55:12');
INSERT INTO public.order_items (id, order_id, dish_id, dish_name, unit_price, quantity, subtotal, remark, create_time) VALUES (61, 23, 121, '鱼香茄子煲', 13.00, 1, 13.00, '', '2025-07-10 15:55:12');
INSERT INTO public.order_items (id, order_id, dish_id, dish_name, unit_price, quantity, subtotal, remark, create_time) VALUES (62, 24, 125, '辣子鸡丁', 16.00, 1, 16.00, '', '2025-07-10 15:59:07');
INSERT INTO public.order_items (id, order_id, dish_id, dish_name, unit_price, quantity, subtotal, remark, create_time) VALUES (63, 24, 132, '酸菜鱼', 19.00, 1, 19.00, '', '2025-07-10 15:59:07');
INSERT INTO public.order_items (id, order_id, dish_id, dish_name, unit_price, quantity, subtotal, remark, create_time) VALUES (64, 24, 123, '香菇滑鸡', 14.00, 1, 14.00, '', '2025-07-10 15:59:07');
INSERT INTO public.order_items (id, order_id, dish_id, dish_name, unit_price, quantity, subtotal, remark, create_time) VALUES (65, 25, 125, '辣子鸡丁', 16.00, 1, 16.00, '', '2025-07-10 15:59:56');
INSERT INTO public.order_items (id, order_id, dish_id, dish_name, unit_price, quantity, subtotal, remark, create_time) VALUES (66, 25, 124, '蚝油生菜', 10.00, 1, 10.00, '', '2025-07-10 15:59:56');
INSERT INTO public.order_items (id, order_id, dish_id, dish_name, unit_price, quantity, subtotal, remark, create_time) VALUES (67, 26, 114, '回锅肉', 14.00, 1, 14.00, '', '2025-07-10 16:04:00');
INSERT INTO public.order_items (id, order_id, dish_id, dish_name, unit_price, quantity, subtotal, remark, create_time) VALUES (68, 26, 125, '辣子鸡丁', 16.00, 1, 16.00, '', '2025-07-10 16:04:00');
INSERT INTO public.order_items (id, order_id, dish_id, dish_name, unit_price, quantity, subtotal, remark, create_time) VALUES (69, 26, 123, '香菇滑鸡', 14.00, 1, 14.00, '', '2025-07-10 16:04:00');
INSERT INTO public.order_items (id, order_id, dish_id, dish_name, unit_price, quantity, subtotal, remark, create_time) VALUES (70, 26, 122, '蒜蓉粉丝蒸扇贝', 18.50, 1, 18.50, '', '2025-07-10 16:04:00');
INSERT INTO public.order_items (id, order_id, dish_id, dish_name, unit_price, quantity, subtotal, remark, create_time) VALUES (71, 26, 126, '麻婆豆腐', 12.50, 1, 12.50, '', '2025-07-10 16:04:00');
INSERT INTO public.order_items (id, order_id, dish_id, dish_name, unit_price, quantity, subtotal, remark, create_time) VALUES (72, 27, 124, '蚝油生菜', 10.00, 1, 10.00, '', '2025-07-10 16:05:16');
INSERT INTO public.order_items (id, order_id, dish_id, dish_name, unit_price, quantity, subtotal, remark, create_time) VALUES (73, 27, 114, '回锅肉', 14.00, 1, 14.00, '', '2025-07-10 16:05:16');
INSERT INTO public.order_items (id, order_id, dish_id, dish_name, unit_price, quantity, subtotal, remark, create_time) VALUES (74, 27, 125, '辣子鸡丁', 16.00, 1, 16.00, '', '2025-07-10 16:05:16');
INSERT INTO public.order_items (id, order_id, dish_id, dish_name, unit_price, quantity, subtotal, remark, create_time) VALUES (75, 28, 114, '回锅肉', 14.00, 1, 14.00, '', '2025-07-10 16:07:33');
INSERT INTO public.order_items (id, order_id, dish_id, dish_name, unit_price, quantity, subtotal, remark, create_time) VALUES (76, 28, 125, '辣子鸡丁', 16.00, 1, 16.00, '', '2025-07-10 16:07:33');
INSERT INTO public.order_items (id, order_id, dish_id, dish_name, unit_price, quantity, subtotal, remark, create_time) VALUES (77, 28, 132, '酸菜鱼', 19.00, 1, 19.00, '', '2025-07-10 16:07:33');
INSERT INTO public.order_items (id, order_id, dish_id, dish_name, unit_price, quantity, subtotal, remark, create_time) VALUES (78, 29, 125, '辣子鸡丁', 16.00, 1, 16.00, '', '2025-07-10 16:11:37');
INSERT INTO public.order_items (id, order_id, dish_id, dish_name, unit_price, quantity, subtotal, remark, create_time) VALUES (79, 29, 132, '酸菜鱼', 19.00, 2, 38.00, '', '2025-07-10 16:11:37');
INSERT INTO public.order_items (id, order_id, dish_id, dish_name, unit_price, quantity, subtotal, remark, create_time) VALUES (80, 30, 114, '回锅肉', 14.00, 2, 28.00, '', '2025-07-10 16:12:10');
INSERT INTO public.order_items (id, order_id, dish_id, dish_name, unit_price, quantity, subtotal, remark, create_time) VALUES (81, 30, 125, '辣子鸡丁', 16.00, 2, 32.00, '', '2025-07-10 16:12:10');
INSERT INTO public.order_items (id, order_id, dish_id, dish_name, unit_price, quantity, subtotal, remark, create_time) VALUES (82, 31, 125, '辣子鸡丁', 16.00, 1, 16.00, '', '2025-07-10 21:42:46');
INSERT INTO public.order_items (id, order_id, dish_id, dish_name, unit_price, quantity, subtotal, remark, create_time) VALUES (83, 31, 122, '蒜蓉粉丝蒸扇贝', 18.50, 1, 18.50, '', '2025-07-10 21:42:46');
INSERT INTO public.order_items (id, order_id, dish_id, dish_name, unit_price, quantity, subtotal, remark, create_time) VALUES (84, 31, 106, '红豆汤圆', 6.00, 1, 6.00, '', '2025-07-10 21:42:46');
INSERT INTO public.order_items (id, order_id, dish_id, dish_name, unit_price, quantity, subtotal, remark, create_time) VALUES (85, 32, 114, '回锅肉', 14.00, 1, 14.00, '', '2025-07-10 21:51:04');
INSERT INTO public.order_items (id, order_id, dish_id, dish_name, unit_price, quantity, subtotal, remark, create_time) VALUES (86, 32, 125, '辣子鸡丁', 16.00, 1, 16.00, '', '2025-07-10 21:51:04');
INSERT INTO public.order_items (id, order_id, dish_id, dish_name, unit_price, quantity, subtotal, remark, create_time) VALUES (87, 32, 132, '酸菜鱼', 19.00, 1, 19.00, '', '2025-07-10 21:51:04');
INSERT INTO public.order_items (id, order_id, dish_id, dish_name, unit_price, quantity, subtotal, remark, create_time) VALUES (88, 33, 124, '蚝油生菜', 10.00, 1, 10.00, '', '2025-07-10 21:59:50');
INSERT INTO public.order_items (id, order_id, dish_id, dish_name, unit_price, quantity, subtotal, remark, create_time) VALUES (89, 33, 114, '回锅肉', 14.00, 1, 14.00, '', '2025-07-10 21:59:51');
INSERT INTO public.order_items (id, order_id, dish_id, dish_name, unit_price, quantity, subtotal, remark, create_time) VALUES (90, 33, 105, '芒果布丁', 7.50, 1, 7.50, '', '2025-07-10 21:59:51');
INSERT INTO public.order_items (id, order_id, dish_id, dish_name, unit_price, quantity, subtotal, remark, create_time) VALUES (91, 33, 107, '茉莉花茶', 4.00, 1, 4.00, '', '2025-07-10 21:59:51');
INSERT INTO public.order_items (id, order_id, dish_id, dish_name, unit_price, quantity, subtotal, remark, create_time) VALUES (92, 34, 114, '回锅肉', 14.00, 1, 14.00, '', '2025-07-13 08:20:00');
INSERT INTO public.order_items (id, order_id, dish_id, dish_name, unit_price, quantity, subtotal, remark, create_time) VALUES (93, 34, 125, '辣子鸡丁', 16.00, 1, 16.00, '', '2025-07-13 08:20:00');
INSERT INTO public.order_items (id, order_id, dish_id, dish_name, unit_price, quantity, subtotal, remark, create_time) VALUES (94, 34, 5, '可口可乐', 1.50, 1, 1.50, '', '2025-07-13 08:20:00');
INSERT INTO public.order_items (id, order_id, dish_id, dish_name, unit_price, quantity, subtotal, remark, create_time) VALUES (95, 34, 109, '芒果冰沙', 6.00, 2, 12.00, '', '2025-07-13 08:20:00');
INSERT INTO public.order_items (id, order_id, dish_id, dish_name, unit_price, quantity, subtotal, remark, create_time) VALUES (96, 34, 124, '蚝油生菜', 10.00, 1, 10.00, '', '2025-07-13 08:20:00');
INSERT INTO public.order_items (id, order_id, dish_id, dish_name, unit_price, quantity, subtotal, remark, create_time) VALUES (97, 35, 124, '蚝油生菜', 10.00, 1, 10.00, '', '2025-07-13 08:24:27');
INSERT INTO public.order_items (id, order_id, dish_id, dish_name, unit_price, quantity, subtotal, remark, create_time) VALUES (98, 35, 114, '回锅肉', 14.00, 1, 14.00, '', '2025-07-13 08:24:27');
INSERT INTO public.order_items (id, order_id, dish_id, dish_name, unit_price, quantity, subtotal, remark, create_time) VALUES (99, 35, 125, '辣子鸡丁', 16.00, 1, 16.00, '', '2025-07-13 08:24:27');
INSERT INTO public.order_items (id, order_id, dish_id, dish_name, unit_price, quantity, subtotal, remark, create_time) VALUES (100, 36, 124, '蚝油生菜', 10.00, 1, 10.00, '', '2025-07-13 08:48:24');
INSERT INTO public.order_items (id, order_id, dish_id, dish_name, unit_price, quantity, subtotal, remark, create_time) VALUES (101, 36, 114, '回锅肉', 14.00, 1, 14.00, '', '2025-07-13 08:48:24');
INSERT INTO public.order_items (id, order_id, dish_id, dish_name, unit_price, quantity, subtotal, remark, create_time) VALUES (102, 37, 124, '蚝油生菜', 10.00, 1, 10.00, '', '2025-07-13 08:58:16');
INSERT INTO public.order_items (id, order_id, dish_id, dish_name, unit_price, quantity, subtotal, remark, create_time) VALUES (103, 37, 114, '回锅肉', 14.00, 1, 14.00, '', '2025-07-13 08:58:16');
INSERT INTO public.order_items (id, order_id, dish_id, dish_name, unit_price, quantity, subtotal, remark, create_time) VALUES (104, 38, 124, '蚝油生菜', 10.00, 1, 10.00, '', '2025-07-19 08:50:17');
INSERT INTO public.order_items (id, order_id, dish_id, dish_name, unit_price, quantity, subtotal, remark, create_time) VALUES (105, 38, 114, '回锅肉', 14.00, 1, 14.00, '', '2025-07-19 08:50:17');


-- ---------------------------------------------------- Order_status_log ---------------------------------------------------- --
INSERT INTO public.order_status_log (id, order_id, from_status, to_status, changed_by, remark, changed_at) VALUES (2, 3, 0, 1, 'client_jerry', 'Paid', '2025-06-27 16:07:49');
INSERT INTO public.order_status_log (id, order_id, from_status, to_status, changed_by, remark, changed_at) VALUES (3, 4, 0, 1, 'client_alice', 'Paid', '2025-06-27 16:08:46');
INSERT INTO public.order_status_log (id, order_id, from_status, to_status, changed_by, remark, changed_at) VALUES (4, 5, 0, 1, 'client_bob', 'Paid', '2025-06-27 16:09:44');
INSERT INTO public.order_status_log (id, order_id, from_status, to_status, changed_by, remark, changed_at) VALUES (5, 6, 0, 1, 'client_eve', 'Paid', '2025-06-27 16:10:14');
INSERT INTO public.order_status_log (id, order_id, from_status, to_status, changed_by, remark, changed_at) VALUES (7, 7, 1, 2, 'merchant:Temoji', '', '2025-06-27 16:32:26');
INSERT INTO public.order_status_log (id, order_id, from_status, to_status, changed_by, remark, changed_at) VALUES (8, 7, 2, 3, 'merchant:Temoji', '', '2025-06-27 16:32:26');
INSERT INTO public.order_status_log (id, order_id, from_status, to_status, changed_by, remark, changed_at) VALUES (9, 7, 3, 4, 'rider:rider_mark', '', '2025-06-27 16:32:26');
INSERT INTO public.order_status_log (id, order_id, from_status, to_status, changed_by, remark, changed_at) VALUES (10, 7, 4, 5, 'rider:rider_mark', '', '2025-06-27 16:32:26');
INSERT INTO public.order_status_log (id, order_id, from_status, to_status, changed_by, remark, changed_at) VALUES (11, 7, 5, 6, 'rider:rider_mark', '', '2025-06-27 16:32:26');
INSERT INTO public.order_status_log (id, order_id, from_status, to_status, changed_by, remark, changed_at) VALUES (6, 7, 0, 1, 'client:kuanwang930203', '', '2025-06-27 16:32:26');
INSERT INTO public.order_status_log (id, order_id, from_status, to_status, changed_by, remark, changed_at) VALUES (12, 8, 0, 1, 'client:client_tom', '', '2025-06-27 16:39:06');
INSERT INTO public.order_status_log (id, order_id, from_status, to_status, changed_by, remark, changed_at) VALUES (13, 8, 1, 2, 'merchant:Temoji', '', '2025-06-27 16:39:06');
INSERT INTO public.order_status_log (id, order_id, from_status, to_status, changed_by, remark, changed_at) VALUES (14, 8, 2, 3, 'merchant:Temoji', '', '2025-06-27 16:39:06');
INSERT INTO public.order_status_log (id, order_id, from_status, to_status, changed_by, remark, changed_at) VALUES (15, 8, 3, 4, 'rider:rider_sam', '', '2025-06-27 16:39:06');
INSERT INTO public.order_status_log (id, order_id, from_status, to_status, changed_by, remark, changed_at) VALUES (16, 8, 4, 5, 'rider:rider_sam', '', '2025-06-27 16:39:06');
INSERT INTO public.order_status_log (id, order_id, from_status, to_status, changed_by, remark, changed_at) VALUES (17, 8, 5, 6, 'rider:rider_sam', '', '2025-06-27 16:39:06');
INSERT INTO public.order_status_log (id, order_id, from_status, to_status, changed_by, remark, changed_at) VALUES (18, 9, 0, 1, 'client:client_jerry', '', '2025-06-27 16:41:38');
INSERT INTO public.order_status_log (id, order_id, from_status, to_status, changed_by, remark, changed_at) VALUES (19, 9, 1, 2, 'merchant:Temoji', '', '2025-06-27 16:41:38');
INSERT INTO public.order_status_log (id, order_id, from_status, to_status, changed_by, remark, changed_at) VALUES (20, 9, 2, 3, 'merchant:Temoji', '', '2025-06-27 16:41:38');
INSERT INTO public.order_status_log (id, order_id, from_status, to_status, changed_by, remark, changed_at) VALUES (21, 9, 3, 4, 'rider:rider_mark', '', '2025-06-27 16:41:38');
INSERT INTO public.order_status_log (id, order_id, from_status, to_status, changed_by, remark, changed_at) VALUES (22, 9, 4, 5, 'rider:rider_mark', '', '2025-06-27 16:41:38');
INSERT INTO public.order_status_log (id, order_id, from_status, to_status, changed_by, remark, changed_at) VALUES (23, 9, 5, 6, 'rider:rider_mark', '', '2025-06-27 16:41:38');
INSERT INTO public.order_status_log (id, order_id, from_status, to_status, changed_by, remark, changed_at) VALUES (24, 6, 1, 7, 'merchant:Teamoji', '没有芒果了', '2025-06-27 14:01:09');
INSERT INTO public.order_status_log (id, order_id, from_status, to_status, changed_by, remark, changed_at) VALUES (25, 2, 1, 2, 'merchant:Teamoji', null, '2025-06-27 15:23:09');
INSERT INTO public.order_status_log (id, order_id, from_status, to_status, changed_by, remark, changed_at) VALUES (26, 2, 2, 3, 'merchant:Teamoji', null, '2025-06-27 15:23:26');
INSERT INTO public.order_status_log (id, order_id, from_status, to_status, changed_by, remark, changed_at) VALUES (30, 3, 1, 2, 'merchant:Teamoji', null, '2025-06-27 17:36:13');
INSERT INTO public.order_status_log (id, order_id, from_status, to_status, changed_by, remark, changed_at) VALUES (32, 5, 1, 7, 'merchant:Teamoji', '商家未响应', '2025-07-07 06:40:35');
INSERT INTO public.order_status_log (id, order_id, from_status, to_status, changed_by, remark, changed_at) VALUES (31, 4, 1, 7, 'merchant:Teamoji', '商家未响应', '2025-07-07 06:40:35');
INSERT INTO public.order_status_log (id, order_id, from_status, to_status, changed_by, remark, changed_at) VALUES (1, 2, 0, 1, 'client:kuanwang930203', 'Paid', '2025-06-27 16:06:15');
INSERT INTO public.order_status_log (id, order_id, from_status, to_status, changed_by, remark, changed_at) VALUES (34, 12, null, 0, 'client:kuanwang930203', null, '2025-07-07 22:48:16');
INSERT INTO public.order_status_log (id, order_id, from_status, to_status, changed_by, remark, changed_at) VALUES (35, 12, 0, 7, 'client:kuanwang930203', '不想买了', '2025-07-08 12:50:09');
INSERT INTO public.order_status_log (id, order_id, from_status, to_status, changed_by, remark, changed_at) VALUES (36, 13, null, 0, 'client:kuanwang930203', null, '2025-07-08 12:57:41');
INSERT INTO public.order_status_log (id, order_id, from_status, to_status, changed_by, remark, changed_at) VALUES (37, 13, 0, 1, 'client:kuanwang930203', null, '2025-07-08 12:58:08');
INSERT INTO public.order_status_log (id, order_id, from_status, to_status, changed_by, remark, changed_at) VALUES (38, 14, null, 0, 'client:kuanwang930203', null, '2025-07-08 13:17:44');
INSERT INTO public.order_status_log (id, order_id, from_status, to_status, changed_by, remark, changed_at) VALUES (39, 14, 0, 7, 'client:kuanwang930203', '不想买了', '2025-07-08 13:18:00');
INSERT INTO public.order_status_log (id, order_id, from_status, to_status, changed_by, remark, changed_at) VALUES (40, 15, null, 0, 'client:kuanwang930203', null, '2025-07-08 13:26:03');
INSERT INTO public.order_status_log (id, order_id, from_status, to_status, changed_by, remark, changed_at) VALUES (41, 15, 0, 7, 'client:kuanwang930203', '无', '2025-07-08 13:26:25');
INSERT INTO public.order_status_log (id, order_id, from_status, to_status, changed_by, remark, changed_at) VALUES (42, 13, 1, 7, 'merchant:admin', '没有足够食材', '2025-07-09 21:46:15');
INSERT INTO public.order_status_log (id, order_id, from_status, to_status, changed_by, remark, changed_at) VALUES (43, 16, null, 0, 'client:kuanwang930203', null, '2025-07-10 10:39:10');
INSERT INTO public.order_status_log (id, order_id, from_status, to_status, changed_by, remark, changed_at) VALUES (45, 16, 0, 1, 'client:kuanwang930203', '', '2025-07-10 14:22:58');
INSERT INTO public.order_status_log (id, order_id, from_status, to_status, changed_by, remark, changed_at) VALUES (46, 16, 1, 7, 'merchant:admin', '没有可乐了', '2025-07-10 14:26:06');
INSERT INTO public.order_status_log (id, order_id, from_status, to_status, changed_by, remark, changed_at) VALUES (47, 17, null, 0, 'client:kuanwang930203', null, '2025-07-10 14:54:29');
INSERT INTO public.order_status_log (id, order_id, from_status, to_status, changed_by, remark, changed_at) VALUES (48, 17, 0, 1, 'client:kuanwang930203', '', '2025-07-10 14:54:39');
INSERT INTO public.order_status_log (id, order_id, from_status, to_status, changed_by, remark, changed_at) VALUES (49, 17, 1, 7, 'merchant:admin', '下错单了', '2025-07-10 14:59:54');
INSERT INTO public.order_status_log (id, order_id, from_status, to_status, changed_by, remark, changed_at) VALUES (50, 18, null, 0, 'client:kuanwang930203', null, '2025-07-10 15:00:22');
INSERT INTO public.order_status_log (id, order_id, from_status, to_status, changed_by, remark, changed_at) VALUES (51, 18, 0, 1, 'client:kuanwang930203', '', '2025-07-10 15:00:31');
INSERT INTO public.order_status_log (id, order_id, from_status, to_status, changed_by, remark, changed_at) VALUES (52, 18, 1, 7, 'merchant:admin', '调试kafka中', '2025-07-10 15:01:31');
INSERT INTO public.order_status_log (id, order_id, from_status, to_status, changed_by, remark, changed_at) VALUES (53, 19, null, 0, 'client:kuanwang930203', null, '2025-07-10 15:18:45');
INSERT INTO public.order_status_log (id, order_id, from_status, to_status, changed_by, remark, changed_at) VALUES (54, 19, 0, 1, 'client:kuanwang930203', '', '2025-07-10 15:18:56');
INSERT INTO public.order_status_log (id, order_id, from_status, to_status, changed_by, remark, changed_at) VALUES (55, 19, 1, 7, 'merchant:admin', '1111', '2025-07-10 15:26:20');
INSERT INTO public.order_status_log (id, order_id, from_status, to_status, changed_by, remark, changed_at) VALUES (56, 20, null, 0, 'client:kuanwang930203', null, '2025-07-10 15:26:31');
INSERT INTO public.order_status_log (id, order_id, from_status, to_status, changed_by, remark, changed_at) VALUES (57, 20, 0, 1, 'client:kuanwang930203', '', '2025-07-10 15:26:41');
INSERT INTO public.order_status_log (id, order_id, from_status, to_status, changed_by, remark, changed_at) VALUES (58, 20, 1, 7, 'merchant:admin', '125214', '2025-07-10 15:30:43');
INSERT INTO public.order_status_log (id, order_id, from_status, to_status, changed_by, remark, changed_at) VALUES (59, 21, null, 0, 'client:kuanwang930203', null, '2025-07-10 15:30:54');
INSERT INTO public.order_status_log (id, order_id, from_status, to_status, changed_by, remark, changed_at) VALUES (60, 21, 0, 1, 'client:kuanwang930203', '', '2025-07-10 15:31:03');
INSERT INTO public.order_status_log (id, order_id, from_status, to_status, changed_by, remark, changed_at) VALUES (61, 21, 1, 7, 'merchant:admin', 'wqrf213r', '2025-07-10 15:40:09');
INSERT INTO public.order_status_log (id, order_id, from_status, to_status, changed_by, remark, changed_at) VALUES (62, 22, null, 0, 'client:kuanwang930203', null, '2025-07-10 15:40:42');
INSERT INTO public.order_status_log (id, order_id, from_status, to_status, changed_by, remark, changed_at) VALUES (63, 22, 0, 1, 'client:kuanwang930203', '', '2025-07-10 15:40:52');
INSERT INTO public.order_status_log (id, order_id, from_status, to_status, changed_by, remark, changed_at) VALUES (64, 22, 1, 7, 'merchant:admin', '12421421', '2025-07-10 15:54:05');
INSERT INTO public.order_status_log (id, order_id, from_status, to_status, changed_by, remark, changed_at) VALUES (65, 23, null, 0, 'client:kuanwang930203', null, '2025-07-10 15:55:12');
INSERT INTO public.order_status_log (id, order_id, from_status, to_status, changed_by, remark, changed_at) VALUES (66, 23, 0, 1, 'client:kuanwang930203', '', '2025-07-10 15:55:21');
INSERT INTO public.order_status_log (id, order_id, from_status, to_status, changed_by, remark, changed_at) VALUES (67, 23, 1, 7, 'merchant:admin', '12r12r2', '2025-07-10 15:55:26');
INSERT INTO public.order_status_log (id, order_id, from_status, to_status, changed_by, remark, changed_at) VALUES (68, 24, null, 0, 'client:kuanwang930203', null, '2025-07-10 15:59:07');
INSERT INTO public.order_status_log (id, order_id, from_status, to_status, changed_by, remark, changed_at) VALUES (69, 24, 0, 1, 'client:kuanwang930203', '', '2025-07-10 15:59:27');
INSERT INTO public.order_status_log (id, order_id, from_status, to_status, changed_by, remark, changed_at) VALUES (70, 25, null, 0, 'client:kuanwang930203', null, '2025-07-10 15:59:56');
INSERT INTO public.order_status_log (id, order_id, from_status, to_status, changed_by, remark, changed_at) VALUES (71, 25, 0, 1, 'client:kuanwang930203', '', '2025-07-10 16:00:09');
INSERT INTO public.order_status_log (id, order_id, from_status, to_status, changed_by, remark, changed_at) VALUES (72, 25, 1, 7, 'merchant:admin', '214214124', '2025-07-10 16:03:18');
INSERT INTO public.order_status_log (id, order_id, from_status, to_status, changed_by, remark, changed_at) VALUES (73, 24, 1, 7, 'merchant:admin', '214214214', '2025-07-10 16:03:22');
INSERT INTO public.order_status_log (id, order_id, from_status, to_status, changed_by, remark, changed_at) VALUES (74, 26, null, 0, 'client:kuanwang930203', null, '2025-07-10 16:04:00');
INSERT INTO public.order_status_log (id, order_id, from_status, to_status, changed_by, remark, changed_at) VALUES (75, 26, 0, 1, 'client:kuanwang930203', '', '2025-07-10 16:04:11');
INSERT INTO public.order_status_log (id, order_id, from_status, to_status, changed_by, remark, changed_at) VALUES (76, 27, null, 0, 'client:kuanwang930203', null, '2025-07-10 16:05:16');
INSERT INTO public.order_status_log (id, order_id, from_status, to_status, changed_by, remark, changed_at) VALUES (77, 27, 0, 1, 'client:kuanwang930203', '', '2025-07-10 16:05:25');
INSERT INTO public.order_status_log (id, order_id, from_status, to_status, changed_by, remark, changed_at) VALUES (78, 28, null, 0, 'client:kuanwang930203', null, '2025-07-10 16:07:33');
INSERT INTO public.order_status_log (id, order_id, from_status, to_status, changed_by, remark, changed_at) VALUES (79, 28, 0, 1, 'client:kuanwang930203', '', '2025-07-10 16:07:41');
INSERT INTO public.order_status_log (id, order_id, from_status, to_status, changed_by, remark, changed_at) VALUES (80, 28, 1, 7, 'merchant:admin', 'asfasfd', '2025-07-10 16:07:50');
INSERT INTO public.order_status_log (id, order_id, from_status, to_status, changed_by, remark, changed_at) VALUES (81, 27, 1, 2, 'merchant:admin', '', '2025-07-10 16:07:51');
INSERT INTO public.order_status_log (id, order_id, from_status, to_status, changed_by, remark, changed_at) VALUES (82, 26, 1, 7, 'merchant:admin', 'asfasfs', '2025-07-10 16:07:54');
INSERT INTO public.order_status_log (id, order_id, from_status, to_status, changed_by, remark, changed_at) VALUES (83, 29, null, 0, 'client:kuanwang930203', null, '2025-07-10 16:11:37');
INSERT INTO public.order_status_log (id, order_id, from_status, to_status, changed_by, remark, changed_at) VALUES (84, 29, 0, 7, 'client:kuanwang930203', '12421', '2025-07-10 16:11:47');
INSERT INTO public.order_status_log (id, order_id, from_status, to_status, changed_by, remark, changed_at) VALUES (85, 30, null, 0, 'client:kuanwang930203', null, '2025-07-10 16:12:10');
INSERT INTO public.order_status_log (id, order_id, from_status, to_status, changed_by, remark, changed_at) VALUES (86, 30, 0, 1, 'client:kuanwang930203', '', '2025-07-10 16:12:19');
INSERT INTO public.order_status_log (id, order_id, from_status, to_status, changed_by, remark, changed_at) VALUES (87, 31, null, 0, 'client:kuanwang930203', null, '2025-07-10 21:42:46');
INSERT INTO public.order_status_log (id, order_id, from_status, to_status, changed_by, remark, changed_at) VALUES (88, 31, 0, 1, 'client:kuanwang930203', '', '2025-07-10 21:43:17');
INSERT INTO public.order_status_log (id, order_id, from_status, to_status, changed_by, remark, changed_at) VALUES (89, 31, 1, 7, 'merchant:admin', 'DSFWEF', '2025-07-10 21:43:53');
INSERT INTO public.order_status_log (id, order_id, from_status, to_status, changed_by, remark, changed_at) VALUES (90, 30, 1, 7, 'merchant:admin', 'wqqwe', '2025-07-10 21:47:49');
INSERT INTO public.order_status_log (id, order_id, from_status, to_status, changed_by, remark, changed_at) VALUES (91, 32, null, 0, 'client:kuanwang930203', null, '2025-07-10 21:51:04');
INSERT INTO public.order_status_log (id, order_id, from_status, to_status, changed_by, remark, changed_at) VALUES (92, 32, 0, 1, 'client:kuanwang930203', '', '2025-07-10 21:51:14');
INSERT INTO public.order_status_log (id, order_id, from_status, to_status, changed_by, remark, changed_at) VALUES (93, 32, 1, 7, 'merchant:admin', '21er12e', '2025-07-10 21:52:55');
INSERT INTO public.order_status_log (id, order_id, from_status, to_status, changed_by, remark, changed_at) VALUES (94, 33, null, 0, 'client:kuanwang930203', null, '2025-07-10 21:59:51');
INSERT INTO public.order_status_log (id, order_id, from_status, to_status, changed_by, remark, changed_at) VALUES (95, 33, 0, 1, 'client:kuanwang930203', '', '2025-07-10 22:00:03');
INSERT INTO public.order_status_log (id, order_id, from_status, to_status, changed_by, remark, changed_at) VALUES (96, 33, 1, 7, 'merchant:admin', '1242132', '2025-07-10 22:00:12');
INSERT INTO public.order_status_log (id, order_id, from_status, to_status, changed_by, remark, changed_at) VALUES (97, 34, null, 0, 'client:kuanwang930203', null, '2025-07-13 08:20:00');
INSERT INTO public.order_status_log (id, order_id, from_status, to_status, changed_by, remark, changed_at) VALUES (98, 34, 0, 7, 'client:kuanwang930203', '不想买了', '2025-07-13 08:21:43');
INSERT INTO public.order_status_log (id, order_id, from_status, to_status, changed_by, remark, changed_at) VALUES (99, 35, null, 0, 'client:kuanwang930203', null, '2025-07-13 08:24:27');
INSERT INTO public.order_status_log (id, order_id, from_status, to_status, changed_by, remark, changed_at) VALUES (100, 35, 0, 1, 'client:kuanwang930203', '', '2025-07-13 08:24:39');
INSERT INTO public.order_status_log (id, order_id, from_status, to_status, changed_by, remark, changed_at) VALUES (101, 35, 1, 2, 'merchant:admin', '', '2025-07-13 08:25:24');
INSERT INTO public.order_status_log (id, order_id, from_status, to_status, changed_by, remark, changed_at) VALUES (102, 36, null, 0, 'client:kuanwang930203', null, '2025-07-13 08:48:24');
INSERT INTO public.order_status_log (id, order_id, from_status, to_status, changed_by, remark, changed_at) VALUES (103, 36, 0, 1, 'client:kuanwang930203', '', '2025-07-13 08:48:33');
INSERT INTO public.order_status_log (id, order_id, from_status, to_status, changed_by, remark, changed_at) VALUES (104, 37, null, 0, 'client:kuanwang930203', null, '2025-07-13 08:58:16');
INSERT INTO public.order_status_log (id, order_id, from_status, to_status, changed_by, remark, changed_at) VALUES (105, 37, 0, 1, 'client:kuanwang930203', '', '2025-07-13 08:58:25');
INSERT INTO public.order_status_log (id, order_id, from_status, to_status, changed_by, remark, changed_at) VALUES (106, 37, 1, 7, 'merchant:admin', '商家未响应', '2025-07-19 08:27:06');
INSERT INTO public.order_status_log (id, order_id, from_status, to_status, changed_by, remark, changed_at) VALUES (107, 36, 1, 7, 'merchant:admin', '商家未响应', '2025-07-19 08:27:06');
INSERT INTO public.order_status_log (id, order_id, from_status, to_status, changed_by, remark, changed_at) VALUES (108, 38, null, 0, 'client:kuanwang930203', null, '2025-07-19 08:50:17');
INSERT INTO public.order_status_log (id, order_id, from_status, to_status, changed_by, remark, changed_at) VALUES (109, 38, 0, 1, 'client:kuanwang930203', '', '2025-07-19 08:50:30');
INSERT INTO public.order_status_log (id, order_id, from_status, to_status, changed_by, remark, changed_at) VALUES (110, 38, 1, 2, 'merchant:admin', '', '2025-07-19 08:50:54');
INSERT INTO public.order_status_log (id, order_id, from_status, to_status, changed_by, remark, changed_at) VALUES (112, 38, 2, 3, 'merchant:admin', '', '2025-07-19 08:51:27');
INSERT INTO public.order_status_log (id, order_id, from_status, to_status, changed_by, remark, changed_at) VALUES (113, 38, 4, 5, 'rider:adminr', '', '2025-07-19 08:52:10');
INSERT INTO public.order_status_log (id, order_id, from_status, to_status, changed_by, remark, changed_at) VALUES (114, 38, 5, 6, 'rider:adminr', '', '2025-07-19 08:52:26');
INSERT INTO public.order_status_log (id, order_id, from_status, to_status, changed_by, remark, changed_at) VALUES (115, 35, 2, 3, 'merchant:admin', '', '2025-07-20 22:09:25');


-- ---------------------------------------------------------- Rider_assignments ---------------------------------------------------------- --
INSERT INTO public.rider_assignments (id, order_id, rider_id, status, attempt_at) VALUES (1, 7, 1, 3, '2025-06-26 14:12:00');
INSERT INTO public.rider_assignments (id, order_id, rider_id, status, attempt_at) VALUES (3, 9, 2, 3, '2025-06-27 10:05:00');
INSERT INTO public.rider_assignments (id, order_id, rider_id, status, attempt_at) VALUES (2, 8, 3, 3, '2025-06-26 15:05:00');
INSERT INTO public.rider_assignments (id, order_id, rider_id, status, attempt_at) VALUES (4, 38, 1, null, '2025-07-19 08:51:27');
INSERT INTO public.rider_assignments (id, order_id, rider_id, status, attempt_at) VALUES (5, 38, 1, 3, '2025-07-19 08:51:46');
INSERT INTO public.rider_assignments (id, order_id, rider_id, status, attempt_at) VALUES (6, 35, 1, null, '2025-07-20 22:09:25');
INSERT INTO public.rider_assignments (id, order_id, rider_id, status, attempt_at) VALUES (7, 35, 1, 3, '2025-07-20 22:09:29');
